--
-- PostgreSQL database dump
--

\restrict wecK9qwHW8xG38lwalfywNiyOT3J7r3kHBz4rgkkl0kDEFMt0WzOLUS7OmK2GdF

-- Dumped from database version 18.1
-- Dumped by pg_dump version 18.1

SET statement_timeout = 0;
SET lock_timeout = 0;
SET idle_in_transaction_session_timeout = 0;
SET transaction_timeout = 0;
SET client_encoding = 'UTF8';
SET standard_conforming_strings = on;
SELECT pg_catalog.set_config('search_path', '', false);
SET check_function_bodies = false;
SET xmloption = content;
SET client_min_messages = warning;
SET row_security = off;

SET default_tablespace = '';

SET default_table_access_method = heap;

--
-- Name: accounts; Type: TABLE; Schema: public; Owner: finance
--

CREATE TABLE public.accounts (
    id integer NOT NULL,
    name character varying(255) NOT NULL,
    type character varying(50) NOT NULL,
    category character varying(100) NOT NULL,
    owner character varying(100) NOT NULL,
    currency character varying(10) NOT NULL,
    is_active boolean NOT NULL,
    created_at timestamp without time zone NOT NULL
);


ALTER TABLE public.accounts OWNER TO finance;

--
-- Name: accounts_id_seq; Type: SEQUENCE; Schema: public; Owner: finance
--

CREATE SEQUENCE public.accounts_id_seq
    AS integer
    START WITH 1
    INCREMENT BY 1
    NO MINVALUE
    NO MAXVALUE
    CACHE 1;


ALTER SEQUENCE public.accounts_id_seq OWNER TO finance;

--
-- Name: accounts_id_seq; Type: SEQUENCE OWNED BY; Schema: public; Owner: finance
--

ALTER SEQUENCE public.accounts_id_seq OWNED BY public.accounts.id;


--
-- Name: assets; Type: TABLE; Schema: public; Owner: finance
--

CREATE TABLE public.assets (
    id integer NOT NULL,
    name character varying(255) NOT NULL,
    is_active boolean NOT NULL,
    created_at timestamp without time zone NOT NULL
);


ALTER TABLE public.assets OWNER TO finance;

--
-- Name: assets_id_seq; Type: SEQUENCE; Schema: public; Owner: finance
--

CREATE SEQUENCE public.assets_id_seq
    AS integer
    START WITH 1
    INCREMENT BY 1
    NO MINVALUE
    NO MAXVALUE
    CACHE 1;


ALTER SEQUENCE public.assets_id_seq OWNER TO finance;

--
-- Name: assets_id_seq; Type: SEQUENCE OWNED BY; Schema: public; Owner: finance
--

ALTER SEQUENCE public.assets_id_seq OWNED BY public.assets.id;


--
-- Name: goals; Type: TABLE; Schema: public; Owner: finance
--

CREATE TABLE public.goals (
    id integer NOT NULL,
    name character varying(255) NOT NULL,
    target_amount numeric(15,2) NOT NULL,
    target_date date NOT NULL,
    current_amount numeric(15,2) NOT NULL,
    monthly_contribution numeric(15,2) NOT NULL,
    is_completed boolean NOT NULL,
    created_at timestamp without time zone NOT NULL
);


ALTER TABLE public.goals OWNER TO finance;

--
-- Name: goals_id_seq; Type: SEQUENCE; Schema: public; Owner: finance
--

CREATE SEQUENCE public.goals_id_seq
    AS integer
    START WITH 1
    INCREMENT BY 1
    NO MINVALUE
    NO MAXVALUE
    CACHE 1;


ALTER SEQUENCE public.goals_id_seq OWNER TO finance;

--
-- Name: goals_id_seq; Type: SEQUENCE OWNED BY; Schema: public; Owner: finance
--

ALTER SEQUENCE public.goals_id_seq OWNED BY public.goals.id;


--
-- Name: snapshot_values; Type: TABLE; Schema: public; Owner: finance
--

CREATE TABLE public.snapshot_values (
    id integer NOT NULL,
    snapshot_id integer NOT NULL,
    account_id integer NOT NULL,
    value numeric(15,2) NOT NULL
);


ALTER TABLE public.snapshot_values OWNER TO finance;

--
-- Name: snapshot_values_id_seq; Type: SEQUENCE; Schema: public; Owner: finance
--

CREATE SEQUENCE public.snapshot_values_id_seq
    AS integer
    START WITH 1
    INCREMENT BY 1
    NO MINVALUE
    NO MAXVALUE
    CACHE 1;


ALTER SEQUENCE public.snapshot_values_id_seq OWNER TO finance;

--
-- Name: snapshot_values_id_seq; Type: SEQUENCE OWNED BY; Schema: public; Owner: finance
--

ALTER SEQUENCE public.snapshot_values_id_seq OWNED BY public.snapshot_values.id;


--
-- Name: snapshots; Type: TABLE; Schema: public; Owner: finance
--

CREATE TABLE public.snapshots (
    id integer NOT NULL,
    date date NOT NULL,
    notes text,
    created_at timestamp without time zone NOT NULL
);


ALTER TABLE public.snapshots OWNER TO finance;

--
-- Name: snapshots_id_seq; Type: SEQUENCE; Schema: public; Owner: finance
--

CREATE SEQUENCE public.snapshots_id_seq
    AS integer
    START WITH 1
    INCREMENT BY 1
    NO MINVALUE
    NO MAXVALUE
    CACHE 1;


ALTER SEQUENCE public.snapshots_id_seq OWNER TO finance;

--
-- Name: snapshots_id_seq; Type: SEQUENCE OWNED BY; Schema: public; Owner: finance
--

ALTER SEQUENCE public.snapshots_id_seq OWNED BY public.snapshots.id;


--
-- Name: accounts id; Type: DEFAULT; Schema: public; Owner: finance
--

ALTER TABLE ONLY public.accounts ALTER COLUMN id SET DEFAULT nextval('public.accounts_id_seq'::regclass);


--
-- Name: assets id; Type: DEFAULT; Schema: public; Owner: finance
--

ALTER TABLE ONLY public.assets ALTER COLUMN id SET DEFAULT nextval('public.assets_id_seq'::regclass);


--
-- Name: goals id; Type: DEFAULT; Schema: public; Owner: finance
--

ALTER TABLE ONLY public.goals ALTER COLUMN id SET DEFAULT nextval('public.goals_id_seq'::regclass);


--
-- Name: snapshot_values id; Type: DEFAULT; Schema: public; Owner: finance
--

ALTER TABLE ONLY public.snapshot_values ALTER COLUMN id SET DEFAULT nextval('public.snapshot_values_id_seq'::regclass);


--
-- Name: snapshots id; Type: DEFAULT; Schema: public; Owner: finance
--

ALTER TABLE ONLY public.snapshots ALTER COLUMN id SET DEFAULT nextval('public.snapshots_id_seq'::regclass);


--
-- Data for Name: accounts; Type: TABLE DATA; Schema: public; Owner: finance
--

COPY public.accounts (id, name, type, category, owner, currency, is_active, created_at) FROM stdin;
30	ROR	asset	other	Shared	PLN	t	2026-01-16 17:33:41.587412
31	konto oszczednosciowe	asset	bank	Shared	PLN	t	2026-01-16 17:33:41.588994
34	mieszkanie	asset	real_estate	Shared	PLN	t	2026-01-16 17:33:41.590389
35	działka wadowice	asset	real_estate	Shared	PLN	t	2026-01-16 17:33:41.590801
36	samochod	asset	vehicle	Shared	PLN	t	2026-01-16 17:33:41.591219
37	elektronika	asset	other	Shared	PLN	t	2026-01-16 17:33:41.591624
38	aparat	asset	other	Shared	PLN	t	2026-01-16 17:33:41.592093
39	kolekcje	asset	other	Shared	PLN	t	2026-01-16 17:33:41.592491
40	rower	asset	other	Shared	PLN	t	2026-01-16 17:33:41.592891
41	sprzęt górski + narty	asset	other	Shared	PLN	t	2026-01-16 17:33:41.593287
42	hobby (piwowarstwo, deska)	asset	other	Shared	PLN	t	2026-01-16 17:33:41.593682
43	raty 0	liability	installment	Shared	PLN	t	2026-01-16 17:33:41.594041
44	hipoteka	liability	mortgage	Shared	PLN	t	2026-01-16 17:33:41.594416
45	IKE - Marcin	asset	ike	Marcin	PLN	t	2026-01-16 18:15:49.11668
46	Obligacje PKO	asset	bonds	Shared	PLN	t	2026-01-16 18:15:49.118372
47	IKZE - Marcin	asset	ikze	Marcin	PLN	t	2026-01-16 18:15:49.119405
48	IKE - Ewa	asset	ike	Ewa	PLN	t	2026-01-16 18:15:49.12022
49	IKZE - Ewa	asset	ikze	Ewa	PLN	t	2026-01-16 18:15:49.120996
50	Akcje 	asset	stocks	Shared	PLN	t	2026-01-16 18:15:49.121757
51	PPK Allianz - Marcin	asset	ppk	Marcin	PLN	t	2026-01-16 18:15:49.122679
52	PPK PKO - Marcin	asset	ppk	Marcin	PLN	t	2026-01-16 18:15:49.123786
53	PPK Investors - Ewa	asset	ppk	Ewa	PLN	t	2026-01-16 18:15:49.124606
54	PPK PEKAO - Ewa	asset	ppk	Ewa	PLN	t	2026-01-16 18:15:49.125425
55	Poduszka finansowa gotówka	asset	other	Shared	PLN	t	2026-01-16 18:15:49.12616
57	New Investment Account	asset	ike	Marcin	PLN	t	2026-01-16 19:01:56.070215
58	Test Account	asset	bank	Ewa	PLN	t	2026-01-16 19:01:56.154049
59	New Mortgage	liability	mortgage	Shared	PLN	t	2026-01-16 19:01:56.171301
60	New Investment Account	asset	ike	Marcin	PLN	t	2026-01-16 19:02:35.289911
61	Test Account	asset	bank	Ewa	PLN	t	2026-01-16 19:02:35.312062
62	New Mortgage	liability	mortgage	Shared	PLN	t	2026-01-16 19:02:35.320591
63	Test New Account	asset	ike	Marcin	PLN	t	2026-01-16 19:14:01.67514
\.


--
-- Data for Name: assets; Type: TABLE DATA; Schema: public; Owner: finance
--

COPY public.assets (id, name, is_active, created_at) FROM stdin;
\.


--
-- Data for Name: goals; Type: TABLE DATA; Schema: public; Owner: finance
--

COPY public.goals (id, name, target_amount, target_date, current_amount, monthly_contribution, is_completed, created_at) FROM stdin;
\.


--
-- Data for Name: snapshot_values; Type: TABLE DATA; Schema: public; Owner: finance
--

COPY public.snapshot_values (id, snapshot_id, account_id, value) FROM stdin;
2997	160	45	405.00
2998	160	47	7106.00
2999	160	52	8774.00
3000	161	45	405.00
3001	161	47	7106.00
3002	161	52	9377.00
3003	162	45	405.00
3004	162	47	7044.00
3005	162	52	9624.00
3006	163	45	17766.00
3007	163	47	6766.00
3008	163	52	9579.00
3009	164	45	17761.00
3010	164	47	6766.00
3011	164	49	7200.00
3012	164	52	9652.00
3013	165	45	17793.00
3014	165	47	6739.00
3015	165	49	7200.00
3016	165	52	9972.00
3017	166	45	17837.00
3018	166	47	6759.00
3019	166	49	7055.00
3020	166	52	10137.00
3021	166	53	6841.00
3022	167	45	17869.00
3023	167	47	6907.00
3024	167	49	7172.00
3025	167	52	10192.00
3026	167	53	6891.00
3027	168	45	17981.00
3028	168	47	10199.00
3029	168	49	7433.00
3030	168	52	10155.00
3031	168	53	7271.00
3032	169	45	18034.00
3033	169	47	9784.00
3034	169	49	7168.00
3035	169	52	10128.00
3036	169	53	7176.00
3037	170	45	18080.00
3038	170	47	11496.00
3039	170	49	6902.00
3040	170	52	10064.00
3041	170	53	7678.00
3042	171	45	18085.00
3043	171	47	11827.00
3044	171	49	7149.00
3045	171	51	2043.00
3046	171	52	10100.00
3047	171	53	7867.00
3048	172	45	18188.00
3049	172	47	15009.00
3050	172	49	7058.00
3051	172	51	3851.00
3052	172	52	10247.00
3053	172	53	8322.00
3054	173	45	18259.00
3055	173	47	14860.00
3056	173	49	6961.00
3057	173	51	3987.00
3058	173	52	10603.00
3059	173	53	8715.00
3060	174	45	18232.00
3061	174	47	14860.00
3062	174	49	6967.00
3063	174	51	5791.00
3064	174	52	10631.00
3065	174	53	8727.00
3066	175	45	28356.00
3067	175	47	15224.00
3068	175	49	7123.00
3069	175	51	5903.00
3070	175	52	10796.00
3071	175	53	9355.00
3072	176	45	28534.00
3073	176	47	15498.00
3074	176	49	7262.00
3075	176	51	7818.00
3076	176	52	11043.00
3077	176	53	9972.00
3078	177	45	30639.00
3079	177	47	15399.00
3080	177	49	7116.00
3081	177	51	7863.00
3082	177	52	11180.00
3083	177	53	10091.00
3084	178	45	30769.00
3085	178	46	18626.00
3086	178	47	15658.00
3087	178	49	7270.00
3088	178	51	9908.00
3089	178	52	11601.00
3090	178	53	10919.00
3091	178	55	10000.00
3092	179	45	30906.00
3093	179	46	18648.00
3094	179	47	15681.00
3095	179	49	7220.00
3096	179	51	11566.00
3097	179	52	11582.00
3098	179	53	11308.00
3099	179	55	12000.00
3100	180	45	33006.00
3101	180	46	18709.00
3102	180	47	15864.00
3103	180	49	7325.00
3104	180	51	11427.00
3105	180	52	11427.00
3106	180	53	11154.00
3107	180	55	12000.00
3108	181	45	35017.00
3109	181	46	18753.00
3110	181	47	16443.00
3111	181	49	7583.00
3112	181	51	13147.00
3113	181	52	11244.00
3114	181	53	10997.00
3115	181	55	12000.00
3116	182	45	35205.00
3117	182	46	18817.00
3118	182	47	16107.00
3119	182	49	7472.00
3120	182	51	12772.00
3121	182	52	10969.00
3122	182	53	11120.00
3123	182	55	12000.00
3124	183	45	37234.00
3125	183	46	18868.00
3126	183	47	15917.00
3127	183	49	7282.00
3128	183	51	14893.00
3129	183	52	11207.00
3130	183	53	11797.00
3131	183	55	15000.00
3132	184	45	37415.00
3133	184	46	18926.00
3134	184	47	14868.00
3135	184	49	6978.00
3136	184	51	15276.00
3137	184	52	11537.00
3138	184	53	12181.00
3139	184	55	15000.00
3140	185	45	37433.00
3141	185	46	18969.00
3142	185	47	15449.00
3143	185	49	7156.00
3144	185	51	17391.00
3145	185	52	11738.00
3146	185	53	12875.00
3147	185	55	15000.00
3148	186	45	37561.00
3149	186	46	19034.00
3150	186	47	15458.00
3151	186	49	12490.00
3152	186	51	17872.00
3153	186	52	12150.00
3154	186	53	13264.00
3155	186	55	15000.00
3156	187	45	40380.00
3157	187	46	19091.00
3158	187	47	15836.00
3159	187	49	15636.00
3160	187	51	20407.00
3161	187	52	12506.00
3162	187	53	14142.00
3163	187	55	15000.00
3164	188	45	40503.00
3165	188	46	19146.00
3166	188	47	16073.00
3167	188	49	15807.00
3168	188	51	20684.00
3169	188	52	12671.00
3170	188	53	14374.00
3171	188	55	15000.00
3172	189	45	40602.00
3173	189	46	19189.00
3174	189	47	16063.00
3175	189	49	15830.00
3176	189	51	22245.00
3177	189	52	12397.00
3178	189	53	14530.00
3179	189	55	15000.00
3180	190	45	40756.00
3181	190	46	19261.00
3182	190	47	19583.00
3183	190	49	16244.00
3184	190	51	22373.00
3185	190	52	12470.00
3186	190	53	14633.00
3187	190	55	15000.00
3188	191	45	40855.00
3189	191	46	19306.00
3190	191	47	19922.00
3191	191	49	16320.00
3192	191	51	22877.00
3193	191	52	12708.00
3194	191	53	15577.00
3195	191	55	15000.00
3196	192	45	40995.00
3197	192	46	19370.00
3198	192	47	20154.00
3199	192	49	16780.00
3200	192	51	25355.00
3201	192	52	13028.00
3202	192	53	16090.00
3203	192	55	15000.00
3204	193	45	41100.00
3205	193	46	19418.00
3206	193	47	26698.00
3207	193	49	16842.00
3208	193	51	27493.00
3209	193	52	13119.00
3210	193	53	16709.00
3211	193	55	15000.00
3212	194	45	41232.00
3213	194	46	19478.00
3214	194	47	27446.00
3215	194	49	17297.00
3216	194	51	28001.00
3217	194	52	13119.00
3218	194	53	17026.00
3219	194	55	15000.00
3220	195	45	41354.00
3221	195	46	19534.00
3222	195	47	27038.00
3223	195	49	17105.00
3224	195	51	29596.00
3225	195	52	13202.00
3226	195	53	18444.00
3227	195	55	15000.00
3228	196	45	41486.00
3229	196	46	19593.00
3230	196	47	27120.00
3231	196	49	17129.00
3232	196	51	29838.00
3233	196	52	13248.00
3234	196	53	18500.00
3235	196	55	15000.00
3236	197	45	41600.00
3237	197	46	19645.00
3238	197	47	27441.00
3239	197	49	17299.00
3240	197	51	32160.00
3241	197	52	13495.00
3242	197	53	18801.00
3243	197	55	15000.00
3244	198	45	41760.00
3245	198	46	19704.00
3246	198	47	27027.00
3247	198	49	17105.00
3248	198	51	32224.00
3249	198	52	13421.00
3250	198	53	18719.00
3251	198	55	15000.00
3252	199	45	41839.00
3253	199	46	19737.00
3254	199	47	28500.00
3255	199	49	17961.00
3256	199	51	34393.00
3257	199	52	13504.00
3258	199	53	18789.00
3259	199	55	15000.00
3260	200	45	41958.00
3261	200	46	19780.00
3262	200	47	28815.00
3263	200	49	18104.00
3264	200	51	35076.00
3265	200	52	13769.00
3266	200	53	19158.00
3267	200	55	15000.00
3268	201	45	42049.00
3269	201	46	19812.00
3270	201	47	28561.00
3271	201	49	17970.00
3272	201	51	37057.00
3273	201	52	13842.00
3274	201	53	19190.00
3275	201	55	15000.00
3276	202	45	42174.00
3277	202	46	19858.00
3278	202	47	28672.00
3279	202	49	27361.00
3280	202	51	35478.00
3281	202	52	13412.00
3282	202	53	18471.00
3283	202	55	15000.00
3284	203	45	42292.00
3285	203	46	19901.00
3286	203	47	28159.00
3287	203	49	26778.00
3288	203	51	37571.00
3289	203	52	13403.00
3290	203	53	18428.00
3291	203	55	15000.00
3292	204	45	42390.00
3293	204	46	19936.00
3294	204	47	28395.00
3295	204	49	27262.00
3296	204	51	38328.00
3297	204	52	13668.00
3298	204	53	18808.00
3299	204	55	15000.00
3300	205	45	42478.00
3301	205	46	19969.00
3302	205	47	28405.00
3303	205	49	26919.00
3304	205	51	39390.00
3305	205	52	13412.00
3306	205	53	18346.00
3307	205	55	15000.00
3308	206	45	42592.00
3309	206	46	20012.00
3310	206	47	28757.00
3311	206	49	27671.00
3312	206	51	40594.00
3313	206	52	13824.00
3314	206	53	18972.00
3315	206	55	15000.00
3316	207	45	42673.00
3317	207	46	20042.00
3318	207	47	29599.00
3319	207	49	28290.00
3320	207	51	41934.00
3321	207	52	13614.00
3322	207	53	18748.00
3323	207	55	15000.00
3324	208	45	42800.00
3325	208	46	20090.00
3326	208	47	30260.00
3327	208	49	28380.00
3328	208	51	40890.00
3329	208	52	13385.00
3330	208	53	18361.00
3331	208	55	15000.00
3332	209	45	42886.00
3333	209	46	20123.00
3334	209	47	31525.00
3335	209	49	29804.00
3336	209	51	41628.00
3337	209	52	13476.00
3338	209	53	18705.00
3339	209	55	15000.00
3340	210	45	42992.00
3341	210	46	20164.00
3342	210	47	31379.00
3343	210	49	29678.00
3344	210	51	42870.00
3345	210	52	13440.00
3346	210	53	18539.00
3347	210	55	15000.00
3348	211	45	43079.00
3349	211	46	20196.00
3350	211	47	31776.00
3351	211	49	30089.00
3352	211	51	46248.00
3353	211	52	13751.00
3354	211	53	19090.00
3355	211	55	15000.00
3356	212	45	45203.00
3357	212	46	20244.00
3358	212	47	31120.00
3359	212	49	29392.00
3360	212	51	44917.00
3361	212	52	13394.00
3362	212	53	18629.00
3363	212	55	15000.00
3364	213	45	45280.00
3365	213	46	20274.00
3366	213	47	41552.00
3367	213	49	39746.00
3368	213	51	45401.00
3369	213	52	13577.00
3370	213	53	18849.00
3371	213	55	15000.00
3372	214	45	45403.00
3373	214	46	20318.00
3374	214	47	42498.00
3375	214	49	40396.00
3376	214	51	48963.00
3377	214	52	14144.00
3378	214	53	19671.00
3379	214	54	726.00
3380	214	55	15000.00
3381	215	45	45486.00
3382	215	46	20348.00
3383	215	47	41951.00
3384	215	49	40387.00
3385	215	51	52044.00
3386	215	52	14464.00
3387	215	53	20167.00
3388	215	54	744.00
3389	215	55	15000.00
3390	216	45	45583.00
3391	216	46	20383.00
3392	216	47	41340.00
3393	216	49	40086.00
3394	216	51	51934.00
3395	216	52	14492.00
3396	216	53	20063.00
3397	216	54	744.00
3398	216	55	15000.00
3399	217	45	45565.00
3400	217	46	20414.00
3401	217	47	38158.00
3402	217	49	36562.00
3403	217	51	53246.00
3404	217	52	14409.00
3405	217	53	19952.00
3406	217	54	1458.00
3407	217	55	15000.00
3408	218	45	45675.00
3409	218	46	35487.00
3410	218	47	38199.00
3411	218	49	36864.00
3412	218	51	55059.00
3413	218	52	14766.00
3414	218	53	20686.00
3415	218	54	2142.00
3416	219	45	45765.00
3417	219	46	35557.00
3418	219	47	35032.00
3419	219	49	34048.00
3420	219	51	57748.00
3421	219	52	14153.00
3422	219	53	19613.00
3423	219	54	2302.00
3424	220	45	45880.00
3425	220	46	35648.00
3426	220	47	37772.00
3427	220	49	36134.00
3428	220	51	58136.00
3429	220	52	15077.00
3430	220	53	21014.00
3431	220	54	3176.00
3432	221	45	45957.00
3433	221	46	35709.00
3434	221	47	39903.00
3435	221	48	26882.00
3436	221	49	38290.00
3437	221	51	61345.00
3438	221	52	15352.00
3439	221	53	21570.00
3440	221	54	3248.00
3441	222	45	46083.00
3442	222	46	35819.00
3443	222	47	39336.00
3444	222	48	26713.00
3445	222	49	37980.00
3446	222	51	60691.00
3447	222	52	15315.00
3448	222	53	21401.00
3449	222	54	3995.00
3450	223	45	46171.00
3451	223	46	35887.00
3452	223	47	39809.00
3453	223	48	26918.00
3454	223	49	38374.00
3455	223	51	62192.00
3456	223	52	15297.00
3457	223	53	21355.00
3458	223	54	3978.00
3459	224	45	72364.00
3460	224	46	35990.00
3461	224	47	39704.00
3462	224	48	26856.00
3463	224	49	38354.00
3464	224	51	63173.00
3465	224	52	15590.00
3466	224	53	21771.00
3467	224	54	4764.00
3468	225	45	72604.00
3469	225	46	36111.00
3470	225	47	40300.00
3471	225	48	27719.00
3472	225	49	38648.00
3473	225	51	66352.00
3474	225	52	15882.00
3475	225	53	22143.00
3476	225	54	5545.00
3477	226	45	72734.00
3478	226	46	36176.00
3479	226	47	42040.00
3480	226	48	27580.00
3481	226	49	40435.00
3482	226	51	67370.00
3483	226	52	16011.00
3484	226	53	22503.00
3485	226	54	5649.00
3486	227	45	72888.00
3487	227	46	36255.00
3488	227	47	41509.00
3489	227	48	28240.00
3490	227	49	40031.00
3491	227	51	69791.00
3492	227	52	16294.00
3493	227	53	22809.00
3494	227	54	5724.00
3495	228	45	73104.00
3496	228	46	36363.00
3497	228	47	41703.00
3498	228	48	28227.00
3499	228	49	40176.00
3500	228	51	68069.00
3501	228	52	15992.00
3502	228	53	22348.00
3503	228	54	6329.00
3504	229	45	73260.00
3505	229	46	36441.00
3506	229	47	42437.00
3507	229	48	28761.00
3508	229	49	40866.00
3509	229	51	70754.00
3510	229	52	16139.00
3511	229	53	22588.00
3512	229	54	6382.00
3513	230	45	73462.00
3514	230	46	36544.00
3515	230	47	42775.00
3516	230	48	29015.00
3517	230	49	41361.00
3518	230	51	70543.00
3519	230	52	16111.00
3520	230	53	22512.00
3521	230	54	7037.00
3522	231	45	73617.00
3523	231	46	36622.00
3524	231	47	43322.00
3525	231	48	29295.00
3526	231	49	41899.00
3527	231	51	71119.00
3528	231	52	16212.00
3529	231	53	22609.00
3530	231	54	7079.00
3531	232	45	73832.00
3532	232	46	36730.00
3533	232	47	44572.00
3534	232	48	30212.00
3535	232	49	43107.00
3536	232	51	75202.00
3537	232	52	16697.00
3538	232	53	23263.00
3539	232	54	7977.00
3540	233	45	73988.00
3541	233	46	36809.00
3542	233	47	43445.00
3543	233	48	29592.00
3544	233	49	42297.00
3545	233	51	75023.00
3546	233	52	16715.00
3547	233	53	23277.00
3548	233	54	7977.00
3549	234	45	74190.00
3550	234	46	36911.00
3551	234	47	44271.00
3552	234	48	29818.00
3553	234	49	42644.00
3554	234	51	76767.00
3555	234	52	16651.00
3556	234	53	23213.00
3557	234	54	8954.00
3558	235	45	74344.00
3559	235	46	36990.00
3560	235	47	43609.00
3561	235	48	29632.00
3562	235	49	42288.00
3563	235	51	78019.00
3564	235	52	16834.00
3565	235	53	23516.00
3566	235	54	9027.00
3567	236	45	74536.00
3568	236	46	37098.00
3569	236	47	43782.00
3570	236	48	29991.00
3571	236	49	42611.00
3572	236	51	82098.00
3573	236	52	17163.00
3574	236	53	24078.00
3575	236	54	9991.00
3576	237	45	74684.00
3577	237	46	37181.00
3578	237	47	44895.00
3579	237	48	30694.00
3580	237	49	54713.00
3581	237	51	84535.00
3582	237	52	17511.00
3583	237	53	24868.00
3584	237	54	10269.00
1972	159	30	1900.00
1973	159	31	25000.00
1974	159	34	800000.00
1975	159	36	16000.00
1976	159	37	5000.00
1977	159	38	6000.00
1978	159	39	1000.00
1979	159	40	2000.00
1980	159	43	8598.00
1981	159	44	611864.00
1982	160	30	21036.00
1983	160	31	28014.00
1985	160	34	800000.00
1986	160	36	16000.00
1987	160	37	5000.00
1988	160	38	6000.00
1989	160	39	1000.00
1990	160	40	2000.00
1991	160	43	7355.00
1992	160	44	610980.00
1993	161	30	34954.00
1994	161	31	32542.00
1996	161	34	800000.00
1997	161	36	16000.00
1998	161	37	14000.00
1999	161	38	6000.00
2000	161	39	1000.00
2001	161	40	2000.00
2002	161	43	6112.00
2003	161	44	611806.00
2004	162	30	21693.00
2005	162	31	32542.00
2007	162	34	800000.00
2008	162	36	16000.00
2009	162	37	16000.00
2010	162	38	9000.00
2011	162	39	1000.00
2012	162	40	2000.00
2013	162	43	6112.00
2014	162	44	614122.00
2015	163	30	47000.00
2017	163	34	800000.00
2018	163	36	16000.00
2019	163	37	16000.00
2020	163	38	9000.00
2021	163	39	1000.00
2022	163	40	4000.00
2023	163	43	8034.00
2024	163	44	571203.00
2025	164	30	14788.00
2027	164	34	800000.00
2028	164	36	16000.00
2029	164	37	20000.00
2030	164	38	9000.00
2031	164	39	1000.00
2032	164	40	4000.00
2033	164	43	12183.00
2034	164	44	573367.00
2035	165	30	8978.00
2038	165	34	800000.00
2039	165	36	16000.00
2040	165	37	20000.00
2041	165	38	9000.00
2042	165	39	1000.00
2043	165	40	4000.00
2044	165	43	7775.00
2045	165	44	536894.00
2046	166	30	5492.00
2049	166	34	800000.00
2050	166	36	16000.00
2051	166	37	20000.00
2052	166	38	9000.00
2053	166	39	1000.00
2054	166	40	4000.00
2055	166	43	7775.00
2056	166	44	536894.00
2057	167	30	330.00
2060	167	34	800000.00
2061	167	36	16000.00
2062	167	37	20000.00
2063	167	38	9000.00
2064	167	39	1000.00
2065	167	40	4000.00
2066	167	42	2000.00
2067	167	43	7775.00
2068	167	44	540091.00
2069	168	30	8632.00
2072	168	34	800000.00
2073	168	36	16000.00
2074	168	37	20000.00
2075	168	38	9000.00
2076	168	39	1000.00
2077	168	40	4000.00
2078	168	42	2500.00
2079	168	43	7516.00
2080	168	44	512914.00
2081	169	30	1328.00
2084	169	34	800000.00
2085	169	36	16000.00
2086	169	37	20000.00
2087	169	38	9000.00
2088	169	39	1000.00
2089	169	40	4000.00
2090	169	42	2500.00
2091	169	43	7516.00
2092	169	44	514995.00
2093	170	30	2302.00
2096	170	34	800000.00
2097	170	36	16000.00
2098	170	37	20000.00
2099	170	38	9000.00
2100	170	39	1000.00
2101	170	40	4000.00
2102	170	42	2500.00
2103	170	43	6842.00
2104	170	44	512342.00
2105	171	30	12185.00
2108	171	34	800000.00
2109	171	36	16000.00
2110	171	37	20000.00
2111	171	38	9000.00
2112	171	39	1000.00
2113	171	40	4000.00
2114	171	42	2500.00
2115	171	43	6168.00
2116	171	44	512203.00
2117	172	30	43044.00
2120	172	34	800000.00
2121	172	36	16000.00
2122	172	37	20000.00
2123	172	38	9000.00
2124	172	39	1000.00
2125	172	40	4000.00
2126	172	42	2500.00
2127	172	43	6168.00
2128	172	44	507142.00
2129	173	30	31000.00
2132	173	34	800000.00
2133	173	36	16000.00
2134	173	37	20000.00
2135	173	38	9000.00
2136	173	39	1000.00
2137	173	40	4000.00
2138	173	42	2500.00
2139	173	43	5494.00
2140	173	44	509885.00
2141	174	30	13885.00
2144	174	34	800000.00
2145	174	36	16000.00
2146	174	37	20000.00
2147	174	38	9000.00
2148	174	39	1000.00
2149	174	40	4000.00
2150	174	42	8000.00
2151	174	43	12208.00
2152	174	44	466055.00
2153	175	30	11251.00
2156	175	34	800000.00
2157	175	36	16000.00
2158	175	37	20000.00
2159	175	38	9000.00
2160	175	39	1000.00
2161	175	40	4000.00
2162	175	42	8000.00
2163	175	43	12208.00
2164	175	44	461554.00
2165	176	30	17223.00
2168	176	34	800000.00
2169	176	36	16000.00
2170	176	37	20000.00
2171	176	38	9000.00
2172	176	39	1000.00
2173	176	40	4000.00
2174	176	42	8000.00
2175	176	43	10904.00
2176	176	44	443207.00
2177	177	30	11062.00
2180	177	34	800000.00
2181	177	36	16000.00
2182	177	37	20000.00
2183	177	38	9000.00
2184	177	39	1000.00
2185	177	40	4000.00
2186	177	42	8000.00
2187	177	43	10015.00
2188	177	44	442970.00
2189	178	30	4541.00
2192	178	34	800000.00
2193	178	36	16000.00
2194	178	37	20000.00
2195	178	38	22000.00
2196	178	39	1000.00
2197	178	40	4000.00
2198	178	42	8000.00
2199	178	43	8296.00
2200	178	44	440690.00
2201	179	30	19755.00
2204	179	34	800000.00
2205	179	36	16000.00
2206	179	37	20000.00
2207	179	38	22000.00
2208	179	39	1000.00
2209	179	40	4000.00
2210	179	42	8000.00
2211	179	43	8296.00
2212	179	44	425110.00
2213	180	30	4876.00
2216	180	34	800000.00
2217	180	36	16000.00
2218	180	37	20000.00
2219	180	38	22000.00
2220	180	39	1000.00
2221	180	40	4000.00
2222	180	42	8000.00
2223	180	43	6993.00
2224	180	44	426917.00
2225	181	30	23854.00
2228	181	34	800000.00
2229	181	36	16000.00
2230	181	37	20000.00
2231	181	38	22000.00
2232	181	39	1000.00
2233	181	40	4000.00
2234	181	42	8000.00
2235	181	43	6993.00
2236	181	44	423339.00
2237	182	30	3334.00
2240	182	34	800000.00
2241	182	36	16000.00
2242	182	37	20000.00
2243	182	38	22000.00
2244	182	39	1000.00
2245	182	40	4000.00
2246	182	42	8000.00
2247	182	43	5689.00
2248	182	44	423127.00
2249	183	30	16677.00
2252	183	34	800000.00
2253	183	36	16000.00
2254	183	37	20000.00
2255	183	38	22000.00
2256	183	39	1000.00
2257	183	40	4000.00
2258	183	42	8000.00
2259	183	43	5689.00
2260	183	44	418694.00
2261	184	30	10567.00
2262	184	31	5000.00
2265	184	34	800000.00
2266	184	36	15000.00
2267	184	37	22000.00
2268	184	38	22000.00
2269	184	39	1000.00
2270	184	40	4000.00
2271	184	42	8000.00
2272	184	43	4800.00
2273	184	44	420369.00
2274	185	30	23808.00
2275	185	31	10000.00
2278	185	34	800000.00
2279	185	36	15000.00
2280	185	37	22000.00
2281	185	38	22000.00
2282	185	39	1000.00
2283	185	40	4000.00
2284	185	42	8000.00
2285	185	43	4385.00
2286	185	44	414723.00
2287	186	30	3922.00
2288	186	31	15000.00
2291	186	34	800000.00
2292	186	36	15000.00
2293	186	37	22000.00
2294	186	38	22000.00
2295	186	39	1000.00
2296	186	40	4000.00
2297	186	42	8000.00
2298	186	43	3081.00
2299	186	44	414536.00
2300	187	30	17714.00
2301	187	31	20000.00
2304	187	34	800000.00
2305	187	36	15000.00
2306	187	37	22000.00
2307	187	38	22000.00
2308	187	39	1000.00
2309	187	40	4000.00
2310	187	42	8000.00
2311	187	43	3081.00
2312	187	44	412944.00
2313	188	30	15114.00
2314	188	31	20000.00
2317	188	34	800000.00
2318	188	36	15000.00
2319	188	37	22000.00
2320	188	38	29000.00
2321	188	39	1000.00
2322	188	40	4000.00
2323	188	42	8000.00
2324	188	43	9741.00
2325	188	44	414290.00
2326	189	30	17197.00
2327	189	31	27000.00
2330	189	34	800000.00
2331	189	35	50000.00
2332	189	36	15000.00
2333	189	37	22000.00
2334	189	38	29000.00
2335	189	39	1000.00
2336	189	40	4000.00
2337	189	42	8000.00
2338	189	43	9741.00
2339	189	44	399943.00
2340	190	30	6540.00
2341	190	31	27000.00
2344	190	34	800000.00
2345	190	35	50000.00
2346	190	36	15000.00
2347	190	37	22000.00
2348	190	38	29000.00
2349	190	39	1000.00
2350	190	40	4000.00
2351	190	41	2500.00
2352	190	42	8000.00
2353	190	43	7967.00
2354	190	44	399408.00
2355	191	30	29895.00
2356	191	31	34000.00
2359	191	34	800000.00
2360	191	35	50000.00
2361	191	36	15000.00
2362	191	37	22000.00
2363	191	38	29000.00
2364	191	39	1000.00
2365	191	40	4000.00
2366	191	41	2500.00
2367	191	42	8000.00
2368	191	43	7967.00
2369	191	44	395585.00
2370	192	30	11000.00
2371	192	31	34000.00
2374	192	34	800000.00
2375	192	35	50000.00
2376	192	36	15000.00
2377	192	37	22000.00
2378	192	38	29000.00
2379	192	39	1000.00
2380	192	40	4000.00
2381	192	41	2500.00
2382	192	42	8000.00
2383	192	43	7078.00
2384	192	44	381995.00
2385	193	30	10647.00
2386	193	31	40500.00
2389	193	34	800000.00
2390	193	35	50000.00
2391	193	36	15000.00
2392	193	37	22000.00
2393	193	38	29000.00
2394	193	39	1000.00
2395	193	40	4000.00
2396	193	41	2500.00
2397	193	42	8000.00
2398	193	43	6193.00
2399	193	44	362760.00
2400	194	30	8499.00
2401	194	31	33250.00
2404	194	34	800000.00
2405	194	35	50000.00
2406	194	36	15000.00
2407	194	37	22000.00
2408	194	38	29000.00
2409	194	39	1000.00
2410	194	40	4000.00
2411	194	41	2500.00
2412	194	42	8000.00
2413	194	43	6193.00
2414	194	44	364179.00
2415	195	30	14803.00
2416	195	31	40250.00
2419	195	34	800000.00
2420	195	35	50000.00
2421	195	36	15000.00
2422	195	37	22000.00
2423	195	38	29000.00
2424	195	39	1000.00
2425	195	40	4000.00
2426	195	41	2500.00
2427	195	42	8000.00
2428	195	43	5308.00
2429	195	44	350148.00
2430	196	30	6466.00
2431	196	31	40250.00
2434	196	34	800000.00
2435	196	35	50000.00
2436	196	36	15000.00
2437	196	37	22000.00
2438	196	38	29000.00
2439	196	39	1000.00
2440	196	40	4000.00
2441	196	41	2500.00
2442	196	42	8000.00
2443	196	43	5308.00
2444	196	44	351595.00
2445	197	30	3343.00
2446	197	31	47250.00
2449	197	34	800000.00
2450	197	35	50000.00
2451	197	36	15000.00
2452	197	37	22000.00
2453	197	38	29000.00
2454	197	39	1000.00
2455	197	40	20000.00
2456	197	41	2500.00
2457	197	42	8000.00
2458	197	43	4424.00
2459	197	44	347736.00
2460	198	30	170.00
2461	198	31	47250.00
2464	198	34	800000.00
2465	198	35	50000.00
2466	198	36	15000.00
2467	198	37	22000.00
2468	198	38	29000.00
2469	198	39	1000.00
2470	198	40	20000.00
2471	198	41	2500.00
2472	198	42	8000.00
2473	198	43	3539.00
2474	198	44	349346.00
2475	199	30	8861.00
2476	199	31	57250.00
2479	199	34	800000.00
2480	199	35	50000.00
2481	199	36	15000.00
2482	199	37	22000.00
2483	199	38	29000.00
2484	199	39	1000.00
2485	199	40	22000.00
2486	199	41	2500.00
2487	199	42	8000.00
2488	199	43	3539.00
2489	199	44	345309.00
2490	200	30	6000.00
2491	200	31	57250.00
2494	200	34	800000.00
2495	200	35	50000.00
2496	200	36	15000.00
2497	200	37	22000.00
2498	200	38	29000.00
2499	200	39	1000.00
2500	200	40	22000.00
2501	200	41	2500.00
2502	200	42	8000.00
2503	200	43	2655.00
2504	200	44	346602.00
2505	201	30	31449.00
2506	201	31	60000.00
2509	201	34	800000.00
2510	201	35	50000.00
2511	201	36	15000.00
2512	201	37	22000.00
2513	201	38	29000.00
2514	201	39	1000.00
2515	201	40	22000.00
2516	201	41	2500.00
2517	201	42	8000.00
2518	201	43	2654.00
2519	201	44	342661.00
2520	202	30	26250.00
2521	202	31	60000.00
2524	202	34	800000.00
2525	202	35	50000.00
2526	202	36	15000.00
2527	202	37	22000.00
2528	202	38	29000.00
2529	202	39	1000.00
2530	202	40	22000.00
2531	202	41	2500.00
2532	202	42	8000.00
2533	202	43	2654.00
2534	202	44	344020.00
2535	203	30	49335.00
2536	203	31	60000.00
2539	203	34	800000.00
2540	203	35	50000.00
2541	203	36	15000.00
2542	203	37	22000.00
2543	203	38	29000.00
2544	203	39	1000.00
2545	203	40	22000.00
2546	203	41	2500.00
2547	203	42	8000.00
2548	203	43	1769.00
2549	203	44	340418.00
2550	204	30	24837.00
2551	204	31	60000.00
2554	204	34	800000.00
2555	204	35	50000.00
2556	204	36	15000.00
2557	204	37	22000.00
2558	204	38	29000.00
2559	204	39	1000.00
2560	204	40	22000.00
2561	204	41	2500.00
2562	204	42	8000.00
2563	204	43	884.00
2564	204	44	341468.00
2565	205	30	57892.00
2566	205	31	30000.00
2569	205	34	800000.00
2570	205	35	50000.00
2571	205	36	15000.00
2572	205	37	22000.00
2573	205	38	29000.00
2574	205	39	1000.00
2575	205	40	22000.00
2576	205	41	2500.00
2577	205	42	8000.00
2578	205	43	884.00
2579	205	44	299856.00
2580	206	30	50966.00
2581	206	31	30000.00
2584	206	34	800000.00
2585	206	35	50000.00
2586	206	36	15000.00
2587	206	37	22000.00
2588	206	38	29000.00
2589	206	39	1000.00
2590	206	40	22000.00
2591	206	41	2500.00
2592	206	42	8000.00
2593	206	44	298321.00
2594	207	30	32942.00
2595	207	31	30000.00
2598	207	34	800000.00
2599	207	35	50000.00
2600	207	36	15000.00
2601	207	37	22000.00
2602	207	38	29000.00
2603	207	39	1000.00
2604	207	40	22000.00
2605	207	41	2500.00
2606	207	42	8000.00
2607	207	44	254315.00
2608	208	30	24398.00
2609	208	31	30000.00
2612	208	34	800000.00
2613	208	35	50000.00
2614	208	36	15000.00
2615	208	37	22000.00
2616	208	38	29000.00
2617	208	39	1000.00
2618	208	40	22000.00
2619	208	41	2500.00
2620	208	42	8000.00
2621	208	44	255380.00
2622	209	30	33480.00
2623	209	31	30000.00
2626	209	34	800000.00
2627	209	35	50000.00
2628	209	36	15000.00
2629	209	37	22000.00
2630	209	38	29000.00
2631	209	39	1000.00
2632	209	40	22000.00
2633	209	41	2500.00
2634	209	42	8000.00
2635	209	44	251195.00
2636	210	30	27770.00
2637	210	31	15000.00
2640	210	34	800000.00
2641	210	35	50000.00
2642	210	36	15000.00
2643	210	37	22000.00
2644	210	38	29000.00
2645	210	39	1000.00
2646	210	40	22000.00
2647	210	41	2500.00
2648	210	42	8000.00
2649	210	44	237071.00
2650	211	30	40000.00
2651	211	31	20000.00
2654	211	34	800000.00
2655	211	35	50000.00
2656	211	36	15000.00
2657	211	37	22000.00
2658	211	38	25000.00
2659	211	39	1000.00
2660	211	40	22000.00
2661	211	41	2500.00
2662	211	42	5000.00
2663	211	44	232723.00
2664	212	30	23035.00
2665	212	31	20000.00
2668	212	34	800000.00
2669	212	35	50000.00
2670	212	36	15000.00
2671	212	37	22000.00
2672	212	38	25000.00
2673	212	39	1000.00
2674	212	40	22000.00
2675	212	41	2500.00
2676	212	42	5000.00
2677	212	44	221995.00
2678	213	30	42965.00
2679	213	31	20000.00
2682	213	34	800000.00
2683	213	35	50000.00
2684	213	36	15000.00
2685	213	37	22000.00
2686	213	38	25000.00
2687	213	39	1000.00
2688	213	40	22000.00
2689	213	41	2500.00
2690	213	42	5000.00
2691	213	44	195953.00
2692	214	30	34071.00
2693	214	31	20000.00
2696	214	34	800000.00
2697	214	35	50000.00
2698	214	36	15000.00
2699	214	37	22000.00
2700	214	38	25000.00
2701	214	39	1000.00
2702	214	40	22000.00
2703	214	41	2500.00
2704	214	42	5000.00
2705	214	44	196771.00
2706	215	30	50428.00
2707	215	31	20000.00
2710	215	34	800000.00
2711	215	35	50000.00
2712	215	36	15000.00
2713	215	37	22000.00
2714	215	38	27000.00
2715	215	39	1000.00
2716	215	40	22000.00
2717	215	41	2500.00
2718	215	42	5000.00
2719	215	44	192193.00
2720	216	30	45000.00
2721	216	31	20000.00
2724	216	34	800000.00
2725	216	35	50000.00
2726	216	36	15000.00
2727	216	37	22000.00
2728	216	38	27000.00
2729	216	39	1000.00
2730	216	40	22000.00
2731	216	41	5000.00
2732	216	42	5000.00
2733	216	44	192825.00
2734	217	30	70707.00
2735	217	31	20000.00
2738	217	34	800000.00
2739	217	35	50000.00
2740	217	36	15000.00
2741	217	37	22000.00
2742	217	38	27000.00
2743	217	39	1000.00
2744	217	40	22000.00
2745	217	41	5000.00
2746	217	42	5000.00
2747	217	44	188080.00
2748	218	30	44825.00
2749	218	31	20000.00
2751	218	34	800000.00
2752	218	35	50000.00
2753	218	36	15000.00
2754	218	37	22000.00
2755	218	38	27000.00
2756	218	39	1000.00
2757	218	40	22000.00
2758	218	41	5000.00
2759	218	42	5000.00
2760	218	44	173544.00
2761	219	30	39002.00
2762	219	31	60000.00
2764	219	34	800000.00
2765	219	35	50000.00
2766	219	36	15000.00
2767	219	37	22000.00
2768	219	38	25000.00
2769	219	39	1000.00
2770	219	40	20000.00
2771	219	41	5000.00
2772	219	44	169134.00
2773	220	30	38359.00
2774	220	31	60163.00
2776	220	34	800000.00
2777	220	35	50000.00
2778	220	36	15000.00
2779	220	37	22000.00
2780	220	38	25000.00
2781	220	39	1000.00
2782	220	40	20000.00
2783	220	41	5000.00
2784	220	44	168588.00
2785	221	30	28779.00
2786	221	31	60163.00
2788	221	34	800000.00
2789	221	35	50000.00
2790	221	36	15000.00
2791	221	37	22000.00
2792	221	38	33000.00
2793	221	39	1000.00
2794	221	40	20000.00
2795	221	41	5000.00
2796	221	44	165247.00
2797	222	30	19200.00
2798	222	31	60246.00
2800	222	34	800000.00
2801	222	35	50000.00
2802	222	36	15000.00
2803	222	37	22000.00
2804	222	38	33000.00
2805	222	39	1000.00
2806	222	40	20000.00
2807	222	41	5000.00
2808	222	44	165830.00
2809	223	30	44186.00
2810	223	31	60246.00
2812	223	34	800000.00
2813	223	35	50000.00
2814	223	36	15000.00
2815	223	37	22000.00
2816	223	38	33000.00
2817	223	39	1000.00
2818	223	40	20000.00
2819	223	41	5000.00
2820	223	44	160828.00
2821	224	30	15266.00
2822	224	31	60326.00
2824	224	34	900000.00
2825	224	35	50000.00
2826	224	36	15000.00
2827	224	37	22000.00
2828	224	38	33000.00
2829	224	39	1000.00
2830	224	40	20000.00
2831	224	41	5000.00
2832	224	44	161364.00
2833	225	30	29416.00
2834	225	31	60326.00
2836	225	34	900000.00
2837	225	35	50000.00
2838	225	36	15000.00
2839	225	37	22000.00
2840	225	38	35000.00
2841	225	39	1000.00
2842	225	40	20000.00
2843	225	41	5000.00
2844	225	44	156759.00
2845	226	30	20624.00
2846	226	31	60409.00
2848	226	34	900000.00
2849	226	35	50000.00
2850	226	36	15000.00
2851	226	37	22000.00
2852	226	38	35000.00
2853	226	39	1000.00
2854	226	40	20000.00
2855	226	41	5000.00
2856	226	44	155860.00
2857	227	30	24283.00
2858	227	31	80409.00
2860	227	34	900000.00
2861	227	35	50000.00
2862	227	36	15000.00
2863	227	37	22000.00
2864	227	38	35000.00
2865	227	39	1000.00
2866	227	40	20000.00
2867	227	41	5000.00
2868	227	44	140627.00
2869	228	30	17123.00
2870	228	31	80509.00
2872	228	34	900000.00
2873	228	35	50000.00
2874	228	36	15000.00
2875	228	37	22000.00
2876	228	38	35000.00
2877	228	39	1000.00
2878	228	40	20000.00
2879	228	41	5000.00
2880	228	44	141041.00
2881	229	30	42109.00
2882	229	31	80509.00
2884	229	34	900000.00
2885	229	35	50000.00
2886	229	36	15000.00
2887	229	37	22000.00
2888	229	38	35000.00
2889	229	39	1000.00
2890	229	40	20000.00
2891	229	41	5000.00
2892	229	44	136282.00
2893	230	30	33353.00
2894	230	31	80616.00
2896	230	34	900000.00
2897	230	35	50000.00
2898	230	36	15000.00
2899	230	37	22000.00
2900	230	38	35000.00
2901	230	39	1000.00
2902	230	40	20000.00
2903	230	41	5000.00
2904	230	42	1000.00
2905	230	44	136436.00
2906	231	30	55442.00
2907	231	31	80616.00
2909	231	34	900000.00
2910	231	35	50000.00
2911	231	36	15000.00
2912	231	37	22000.00
2913	231	38	35000.00
2914	231	39	1000.00
2915	231	40	20000.00
2916	231	41	5000.00
2917	231	42	1000.00
2918	231	44	131731.00
2919	232	30	39242.00
2920	232	31	80727.00
2922	232	34	900000.00
2923	232	35	50000.00
2924	232	36	15000.00
2925	232	37	22000.00
2926	232	38	35000.00
2927	232	39	1000.00
2928	232	40	20000.00
2929	232	41	5000.00
2930	232	42	1000.00
2931	232	44	129194.00
2932	233	30	63784.00
2933	233	31	80727.00
2935	233	34	900000.00
2936	233	35	50000.00
2937	233	36	15000.00
2938	233	37	22000.00
2939	233	38	35000.00
2940	233	39	1000.00
2941	233	40	20000.00
2942	233	41	5000.00
2943	233	42	1000.00
2944	233	44	125415.00
2945	234	30	51727.00
2946	234	31	80835.00
2948	234	34	900000.00
2949	234	35	50000.00
2950	234	36	15000.00
2951	234	37	22000.00
2952	234	38	35000.00
2953	234	39	1000.00
2954	234	40	20000.00
2955	234	41	5000.00
2956	234	42	1000.00
2957	234	44	124828.00
2958	235	30	73154.00
2959	235	31	80835.00
2961	235	34	900000.00
2962	235	35	50000.00
2963	235	36	15000.00
2964	235	37	22000.00
2965	235	38	35000.00
2966	235	39	1000.00
2967	235	40	20000.00
2968	235	41	5000.00
2969	235	42	1000.00
2970	235	44	120047.00
2971	236	30	59349.00
2972	236	31	80946.00
2974	236	34	900000.00
2975	236	35	50000.00
2976	236	36	15000.00
2977	236	37	25000.00
2978	236	38	35000.00
2979	236	39	1000.00
2980	236	40	20000.00
2981	236	41	5000.00
2982	236	42	1000.00
2983	236	44	120129.00
2984	237	30	84371.00
2985	237	31	80946.00
2987	237	34	900000.00
2988	237	35	50000.00
2989	237	36	15000.00
2990	237	37	25000.00
2991	237	38	35000.00
2992	237	39	1000.00
2993	237	40	20000.00
2994	237	41	5000.00
2995	237	42	1000.00
2996	237	44	115441.00
\.


--
-- Data for Name: snapshots; Type: TABLE DATA; Schema: public; Owner: finance
--

COPY public.snapshots (id, date, notes, created_at) FROM stdin;
159	2022-09-30	\N	2026-01-16 17:33:41.605922
160	2022-10-31	\N	2026-01-16 17:33:41.609402
161	2022-11-15	\N	2026-01-16 17:33:41.61137
162	2022-11-29	\N	2026-01-16 17:33:41.6134
163	2022-12-12	\N	2026-01-16 17:33:41.615316
164	2022-12-30	\N	2026-01-16 17:33:41.616984
165	2023-01-10	\N	2026-01-16 17:33:41.618573
166	2023-01-23	\N	2026-01-16 17:33:41.620678
167	2023-02-01	\N	2026-01-16 17:33:41.623139
168	2023-02-14	\N	2026-01-16 17:33:41.624862
169	2023-03-01	\N	2026-01-16 17:33:41.633292
170	2023-03-14	\N	2026-01-16 17:33:41.635654
171	2023-04-03	\N	2026-01-16 17:33:41.637486
172	2023-04-14	\N	2026-01-16 17:33:41.639368
173	2023-05-01	\N	2026-01-16 17:33:41.641265
174	2023-05-14	\N	2026-01-16 17:33:41.642855
175	2023-06-01	\N	2026-01-16 17:33:41.644515
176	2023-06-14	\N	2026-01-16 17:33:41.646347
177	2023-07-01	\N	2026-01-16 17:33:41.648128
178	2023-08-01	\N	2026-01-16 17:33:41.650039
179	2023-08-14	\N	2026-01-16 17:33:41.654732
180	2023-09-01	\N	2026-01-16 17:33:41.656566
181	2023-09-14	\N	2026-01-16 17:33:41.658467
182	2023-10-01	\N	2026-01-16 17:33:41.660969
183	2023-10-14	\N	2026-01-16 17:33:41.663289
184	2023-11-01	\N	2026-01-16 17:33:41.665241
185	2023-11-14	\N	2026-01-16 17:33:41.666992
186	2023-12-01	\N	2026-01-16 17:33:41.668647
187	2023-12-14	\N	2026-01-16 17:33:41.670531
188	2024-01-01	\N	2026-01-16 17:33:41.672835
189	2024-01-14	\N	2026-01-16 17:33:41.677164
190	2024-02-01	\N	2026-01-16 17:33:41.679836
191	2024-02-14	\N	2026-01-16 17:33:41.682177
192	2024-03-01	\N	2026-01-16 17:33:41.684439
193	2024-03-14	\N	2026-01-16 17:33:41.686637
194	2024-04-01	\N	2026-01-16 17:33:41.688832
195	2024-04-14	\N	2026-01-16 17:33:41.692499
196	2024-05-01	\N	2026-01-16 17:33:41.695105
197	2024-05-14	\N	2026-01-16 17:33:41.697811
198	2024-06-01	\N	2026-01-16 17:33:41.700577
199	2024-06-14	\N	2026-01-16 17:33:41.705665
200	2024-07-01	\N	2026-01-16 17:33:41.708951
201	2024-07-14	\N	2026-01-16 17:33:41.712034
202	2024-08-01	\N	2026-01-16 17:33:41.715332
203	2024-08-14	\N	2026-01-16 17:33:41.718267
204	2024-09-01	\N	2026-01-16 17:33:41.721126
205	2024-09-14	\N	2026-01-16 17:33:41.72387
206	2024-10-01	\N	2026-01-16 17:33:41.726699
207	2024-10-14	\N	2026-01-16 17:33:41.730708
208	2024-11-01	\N	2026-01-16 17:33:41.733933
209	2024-11-14	\N	2026-01-16 17:33:41.739581
210	2024-12-01	\N	2026-01-16 17:33:41.742606
211	2024-12-14	\N	2026-01-16 17:33:41.745701
212	2025-01-01	\N	2026-01-16 17:33:41.749206
213	2025-01-14	\N	2026-01-16 17:33:41.752545
214	2025-02-01	\N	2026-01-16 17:33:41.755698
215	2025-02-14	\N	2026-01-16 17:33:41.75862
216	2025-03-01	\N	2026-01-16 17:33:41.761381
217	2025-03-14	\N	2026-01-16 17:33:41.764737
218	2025-04-01	\N	2026-01-16 17:33:41.767788
219	2025-04-14	\N	2026-01-16 17:33:41.773464
220	2025-05-01	\N	2026-01-16 17:33:41.775911
221	2025-05-14	\N	2026-01-16 17:33:41.77851
222	2025-06-01	\N	2026-01-16 17:33:41.781779
223	2025-06-14	\N	2026-01-16 17:33:41.784482
224	2025-07-01	\N	2026-01-16 17:33:41.787356
225	2025-07-14	\N	2026-01-16 17:33:41.790279
226	2025-08-01	\N	2026-01-16 17:33:41.793147
227	2025-08-14	\N	2026-01-16 17:33:41.795651
228	2025-09-01	\N	2026-01-16 17:33:41.798152
229	2025-09-14	\N	2026-01-16 17:33:41.803705
230	2025-10-01	\N	2026-01-16 17:33:41.806253
231	2025-10-14	\N	2026-01-16 17:33:41.808782
232	2025-11-01	\N	2026-01-16 17:33:41.811137
233	2025-11-14	\N	2026-01-16 17:33:41.834869
234	2025-12-01	\N	2026-01-16 17:33:41.839929
235	2025-12-14	\N	2026-01-16 17:33:41.843387
236	2026-01-01	\N	2026-01-16 17:33:41.847304
237	2026-01-14	\N	2026-01-16 17:33:41.850044
\.


--
-- Name: accounts_id_seq; Type: SEQUENCE SET; Schema: public; Owner: finance
--

SELECT pg_catalog.setval('public.accounts_id_seq', 63, true);


--
-- Name: assets_id_seq; Type: SEQUENCE SET; Schema: public; Owner: finance
--

SELECT pg_catalog.setval('public.assets_id_seq', 1, false);


--
-- Name: goals_id_seq; Type: SEQUENCE SET; Schema: public; Owner: finance
--

SELECT pg_catalog.setval('public.goals_id_seq', 1, false);


--
-- Name: snapshot_values_id_seq; Type: SEQUENCE SET; Schema: public; Owner: finance
--

SELECT pg_catalog.setval('public.snapshot_values_id_seq', 3584, true);


--
-- Name: snapshots_id_seq; Type: SEQUENCE SET; Schema: public; Owner: finance
--

SELECT pg_catalog.setval('public.snapshots_id_seq', 237, true);


--
-- Name: accounts accounts_pkey; Type: CONSTRAINT; Schema: public; Owner: finance
--

ALTER TABLE ONLY public.accounts
    ADD CONSTRAINT accounts_pkey PRIMARY KEY (id);


--
-- Name: assets assets_pkey; Type: CONSTRAINT; Schema: public; Owner: finance
--

ALTER TABLE ONLY public.assets
    ADD CONSTRAINT assets_pkey PRIMARY KEY (id);


--
-- Name: goals goals_pkey; Type: CONSTRAINT; Schema: public; Owner: finance
--

ALTER TABLE ONLY public.goals
    ADD CONSTRAINT goals_pkey PRIMARY KEY (id);


--
-- Name: snapshot_values snapshot_values_pkey; Type: CONSTRAINT; Schema: public; Owner: finance
--

ALTER TABLE ONLY public.snapshot_values
    ADD CONSTRAINT snapshot_values_pkey PRIMARY KEY (id);


--
-- Name: snapshots snapshots_date_key; Type: CONSTRAINT; Schema: public; Owner: finance
--

ALTER TABLE ONLY public.snapshots
    ADD CONSTRAINT snapshots_date_key UNIQUE (date);


--
-- Name: snapshots snapshots_pkey; Type: CONSTRAINT; Schema: public; Owner: finance
--

ALTER TABLE ONLY public.snapshots
    ADD CONSTRAINT snapshots_pkey PRIMARY KEY (id);


--
-- Name: snapshot_values uix_snapshot_account; Type: CONSTRAINT; Schema: public; Owner: finance
--

ALTER TABLE ONLY public.snapshot_values
    ADD CONSTRAINT uix_snapshot_account UNIQUE (snapshot_id, account_id);


--
-- Name: snapshot_values snapshot_values_account_id_fkey; Type: FK CONSTRAINT; Schema: public; Owner: finance
--

ALTER TABLE ONLY public.snapshot_values
    ADD CONSTRAINT snapshot_values_account_id_fkey FOREIGN KEY (account_id) REFERENCES public.accounts(id) ON DELETE CASCADE;


--
-- Name: snapshot_values snapshot_values_snapshot_id_fkey; Type: FK CONSTRAINT; Schema: public; Owner: finance
--

ALTER TABLE ONLY public.snapshot_values
    ADD CONSTRAINT snapshot_values_snapshot_id_fkey FOREIGN KEY (snapshot_id) REFERENCES public.snapshots(id) ON DELETE CASCADE;


--
-- PostgreSQL database dump complete
--

\unrestrict wecK9qwHW8xG38lwalfywNiyOT3J7r3kHBz4rgkkl0kDEFMt0WzOLUS7OmK2GdF

